rnum,rank,rankInten,rankOldAndNew,movieCd,movieNm,openDt,salesAmt,salesShare,salesInten,salesChange,salesAcc,audiCnt,audiInten,audiChange,audiAcc,scrnCnt,showCnt,targetDt
1,1,0,OLD,20226270,스즈메의 문단속,2023-03-08,1545941390,46.1,-343681878,-18.2,44785691803,154556,-33196,-17.7,4344056,1323,5109,20230409
2,2,0,OLD,20226489,리바운드,2023-04-05,802910347,23.9,-84289396,-9.5,2769555376,82900,-7973,-8.8,290164,1154,4413,20230409
3,3,1,OLD,20231089,존 윅 4,2023-04-12,207880297,6.2,-22572911,-9.8,459549505,17996,-1904,-9.6,39144,173,364,20230409
4,4,-1,OLD,20226410,던전 앤 드래곤: 도적들의 명예,2023-03-29,168895437,5.0,-50248169,-22.9,2666060307,16721,-4636,-21.7,267944,623,1317,20230409
5,5,0,OLD,20231010,에어,2023-04-05,145271413,4.3,-52693051,-26.6,750911362,14494,-5402,-27.2,77552,629,1962,20230409
6,6,0,OLD,20228555,더 퍼스트 슬램덩크,2023-01-04,188916500,5.6,-37243500,-16.5,46190437867,10805,-1836,-14.5,4447450,22,126,20230409
7,7,0,OLD,20210544,웅남이,2023-03-22,44281046,1.3,-4838843,-9.9,2725483652,4793,-566,-10.6,297333,363,558,20230409
8,8,1,OLD,20230484,치킨래빗: 잃어버린 보물을 찾아서,2023-03-18,33462000,1.0,-1266500,-3.6,546366000,3557,6,0.2,61162,138,208,20230409
9,9,-1,OLD,20230764,오글리스: 웰컴 투 냄새 마을,2023-04-06,30223090,0.9,-1948798,-6.1,74771876,3406,-223,-6.1,8611,249,294,20230409
10,10,0,OLD,20231035,카구야 님은 고백받고 싶어 -첫 키스는 끝나지 않아-,2023-04-06,27178300,0.8,-12885900,-32.2,136089900,2383,-1137,-32.3,11980,107,221,20230409
1,1,0,OLD,20226270,스즈메의 문단속,2023-03-08,1889623268,47.3,1253031743,196.8,43239750413,187752,125126,199.8,4189500,1335,5351,20230408
2,2,0,OLD,20226489,리바운드,2023-04-05,887199743,22.2,515420861,138.6,1966645029,90873,51860,132.9,207264,1144,4649,20230408
3,3,1,OLD,20226410,던전 앤 드래곤: 도적들의 명예,2023-03-29,219143606,5.5,114655598,109.7,2497164870,21357,10842,103.1,251223,645,1388,20230408
4,4,0,NEW,20231089,존 윅 4,2023-04-12,230453208,5.8,230453208,100,251669208,19900,19900,100,21148,169,363,20230408
5,5,-2,OLD,20231010,에어,2023-04-05,197964464,5.0,79845665,67.6,605639949,19896,7875,65.5,63058,653,2190,20230408
6,6,-1,OLD,20228555,더 퍼스트 슬램덩크,2023-01-04,226160000,5.7,85980500,61.3,46001521367,12641,4846,62.2,4436645,21,125,20230408
7,7,-1,OLD,20210544,웅남이,2023-03-22,49119889,1.2,24640792,100.7,2681202606,5359,2770,107,292540,368,593,20230408
8,8,6,OLD,20230764,오글리스: 웰컴 투 냄새 마을,2023-04-06,32171888,0.8,26556688,472.9,44548786,3629,2931,419.9,5205,256,310,20230408
9,9,17,OLD,20230484,치킨래빗: 잃어버린 보물을 찾아서,2023-03-18,34728500,0.9,32784400,1686.4,512904000,3551,3304,1337.7,57605,140,217,20230408
10,10,-3,OLD,20231035,카구야 님은 고백받고 싶어 -첫 키스는 끝나지 않아-,2023-04-06,40064200,1.0,12685000,46.3,108911600,3520,1181,50.5,9597,103,232,20230408
1,1,0,OLD,20226270,스즈메의 문단속,2023-03-08,636591525,40.5,280299870,78.7,41350127145,62626,26318,72.5,4001748,1156,4456,20230407
2,2,0,OLD,20226489,리바운드,2023-04-05,371778882,23.6,128190838,52.6,1079445286,39013,12363,46.4,116391,1086,4264,20230407
3,3,0,OLD,20231010,에어,2023-04-05,118118799,7.5,19593956,19.9,407675485,12021,1302,12.1,43162,639,2021,20230407
4,4,0,OLD,20226410,던전 앤 드래곤: 도적들의 명예,2023-03-29,104488008,6.6,39764295,61.4,2278021264,10515,3694,54.2,229866,607,1430,20230407
5,5,0,OLD,20228555,더 퍼스트 슬램덩크,2023-01-04,140179500,8.9,48027000,52.1,45775361367,7795,2686,52.6,4424004,23,126,20230407
6,6,1,OLD,20210544,웅남이,2023-03-22,24479097,1.6,-1047425,-4.1,2632082717,2589,-466,-15.3,287181,331,547,20230407
7,7,-1,OLD,20231035,카구야 님은 고백받고 싶어 -첫 키스는 끝나지 않아-,2023-04-06,27379200,1.7,-14089000,-34,68847400,2339,-1399,-37.4,6077,100,234,20230407
8,8,0,OLD,20231144,곰돌이 푸: 피와 꿀,2023-04-06,16767089,1.1,1224966,7.9,33443212,1474,43,3,3031,189,254,20230407
9,9,4,OLD,20230767,파벨만스,2023-03-22,13937482,0.9,4200961,43.1,654654458,1386,379,37.6,64674,118,158,20230407
10,10,0,OLD,20230641,오토라는 남자,2023-03-29,10292793,0.7,955739,10.2,274906208,1315,188,16.7,30051,161,211,20230407
1,1,0,OLD,20226270,스즈메의 문단속,2023-03-08,356291655,33.7,-63079318,-15,40713535620,36308,-6934,-16,3939122,1101,3999,20230406
2,2,0,OLD,20226489,리바운드,2023-04-05,243588044,23.0,-59329316,-19.6,707666404,26650,-6239,-19,77378,1058,3934,20230406
3,3,0,OLD,20231010,에어,2023-04-05,98524843,9.3,-67800901,-40.8,289556686,10719,-7240,-40.3,31141,636,2026,20230406
4,4,1,OLD,20226410,던전 앤 드래곤: 도적들의 명예,2023-03-29,64723713,6.1,-30380169,-31.9,2173533256,6821,-4244,-38.4,219351,578,1298,20230406
5,5,-1,OLD,20228555,더 퍼스트 슬램덩크,2023-01-04,92152500,8.7,-127646500,-58.1,45635181867,5109,-8069,-61.2,4416209,21,123,20230406
6,6,0,NEW,20231035,카구야 님은 고백받고 싶어 -첫 키스는 끝나지 않아-,2023-04-06,41468200,3.9,41468200,100,41468200,3738,3738,100,3738,94,240,20230406
7,7,-1,OLD,20210544,웅남이,2023-03-22,25526522,2.4,-14667900,-36.5,2607603620,3055,-1367,-30.9,284592,350,573,20230406
8,8,22,OLD,20231144,곰돌이 푸: 피와 꿀,2023-04-06,15542123,1.5,14408123,1270.6,16676123,1431,1305,1035.7,1557,184,259,20230406
9,9,0,NEW,20231009,거울 속 외딴 성,2023-04-12,10521000,1.0,10521000,100,11439000,1169,1169,100,1271,4,4,20230406
10,10,-2,OLD,20230641,오토라는 남자,2023-03-29,9337054,0.9,1015661,12.2,264613415,1127,59,5.5,28736,151,187,20230406
1,1,0,OLD,20226270,스즈메의 문단속,2023-03-08,419370973,31.1,69555129,19.9,40357243965,43242,8150,23.2,3902814,1101,4074,20230405
2,2,3,OLD,20226489,리바운드,2023-04-05,302917360,22.5,278194360,1125.2,464078360,32889,30142,1097.3,50728,1102,4117,20230405
3,3,0,NEW,20231010,에어,2023-04-05,166325744,12.3,166325744,100,191031843,17959,17959,100,20422,656,2301,20230405
4,4,-1,OLD,20228555,더 퍼스트 슬램덩크,2023-01-04,219799000,16.3,106271249,93.6,45543029367,13178,3411,34.9,4411100,21,123,20230405
5,5,-3,OLD,20226410,던전 앤 드래곤: 도적들의 명예,2023-03-29,95103882,7.1,-17894080,-15.8,2108809543,11065,-457,-4,212530,617,1409,20230405
6,6,-2,OLD,20210544,웅남이,2023-03-22,40194422,3.0,-7517964,-15.8,2582077098,4422,-727,-14.1,281537,384,707,20230405
7,7,-1,OLD,20197654,소울메이트,2023-03-15,8960596,0.7,-7624716,-46,2190407078,1189,-727,-37.9,225475,103,129,20230405
8,8,-1,OLD,20230641,오토라는 남자,2023-03-29,8321393,0.6,-7964883,-48.9,255276361,1068,-739,-40.9,27609,151,213,20230405
9,9,-1,OLD,20230767,파벨만스,2023-03-22,10252996,0.8,-3641191,-26.2,630980455,1056,-380,-26.5,62281,122,168,20230405
10,10,0,NEW,20226881,뮤턴트 이스케이프,2023-04-05,7911800,0.6,7911800,100,7911800,961,961,100,961,116,227,20230405
1,1,0,OLD,20226270,스즈메의 문단속,2023-03-08,349815844,42.9,-48426810,-12.2,39937872992,35092,-4657,-11.7,3859572,1323,4632,20230404
2,2,0,OLD,20226410,던전 앤 드래곤: 도적들의 명예,2023-03-29,112997962,13.9,-5980845,-5,2013705661,11522,-567,-4.7,201465,952,2614,20230404
3,3,0,OLD,20228555,더 퍼스트 슬램덩크,2023-01-04,113527751,13.9,45954751,68,45323230367,9767,2935,43,4397922,544,1153,20230404
4,4,0,OLD,20210544,웅남이,2023-03-22,47712386,5.9,-6494121,-12,2541882676,5149,-559,-9.8,277115,542,1295,20230404
5,5,0,OLD,20226489,리바운드,2023-04-05,24723000,3.0,1104000,4.7,161161000,2747,110,4.2,17839,9,9,20230404
6,6,0,OLD,20197654,소울메이트,2023-03-15,16585312,2.0,-2433398,-12.8,2181446482,1916,-366,-16,224286,287,401,20230404
7,7,0,OLD,20230641,오토라는 남자,2023-03-29,16286276,2.0,-213261,-1.3,246954968,1807,53,3,26541,309,505,20230404
8,8,0,OLD,20230767,파벨만스,2023-03-22,13894187,1.7,197042,1.4,620727459,1436,27,1.9,61225,193,259,20230404
9,9,22,OLD,20227863,라이스보이 슬립스,2023-04-19,9531000,1.2,7941000,499.4,28567000,1059,953,899.1,2987,8,8,20230404
10,10,-1,OLD,20230340,에브리씽 에브리웨어 올 앳 원스+,2023-03-01,7782223,1.0,1000005,14.7,1060156214,806,103,14.7,103072,93,114,20230404
1,1,0,OLD,20226270,스즈메의 문단속,2023-03-08,398242654,49.6,-1800903059,-81.9,39588057148,39749,-178051,-81.7,3824480,1314,4748,20230403
2,2,0,OLD,20226410,던전 앤 드래곤: 도적들의 명예,2023-03-29,118978807,14.8,-315468272,-72.6,1900707699,12089,-29471,-70.9,189943,956,2657,20230403
3,3,0,OLD,20228555,더 퍼스트 슬램덩크,2023-01-04,67573000,8.4,-172165668,-71.8,45209702616,6832,-15309,-69.1,4388155,524,1108,20230403
4,4,0,OLD,20210544,웅남이,2023-03-22,54206507,6.8,-110186293,-67,2494170290,5708,-11244,-66.3,271966,538,1275,20230403
5,5,0,NEW,20226489,리바운드,2023-04-05,23619000,2.9,23619000,100,136438000,2637,2637,100,15092,13,13,20230403
6,6,-1,OLD,20197654,소울메이트,2023-03-15,19018710,2.4,-48533004,-71.8,2164861170,2282,-4203,-64.8,222370,289,433,20230403
7,7,0,OLD,20230641,오토라는 남자,2023-03-29,16499537,2.1,-21785461,-56.9,230668692,1754,-2120,-54.7,24734,311,499,20230403
8,8,0,OLD,20230767,파벨만스,2023-03-22,13697145,1.7,-23990234,-63.7,606833272,1409,-2260,-61.6,59789,201,271,20230403
9,9,2,OLD,20230340,에브리씽 에브리웨어 올 앳 원스+,2023-03-01,6782218,0.8,-9182725,-57.5,1052373991,703,-834,-54.3,102266,93,112,20230403
10,10,5,OLD,20227684,멍뭉이,2023-03-01,6779599,0.8,-253001,-3.6,1695705086,699,-15,-2.1,180418,12,14,20230403
1,1,0,OLD,20226270,스즈메의 문단속,2023-03-08,2199145713,64.2,-578825720,-20.8,39189814494,217800,-60545,-21.8,3784731,1540,6101,20230402
2,2,0,OLD,20226410,던전 앤 드래곤: 도적들의 명예,2023-03-29,434447079,12.7,-118570007,-21.4,1781728892,41560,-10973,-20.9,177854,1062,3446,20230402
3,3,0,OLD,20228555,더 퍼스트 슬램덩크,2023-01-04,239738668,7.0,-46354541,-16.2,45142129616,22141,-6835,-23.6,4381323,612,1299,20230402
4,4,0,OLD,20210544,웅남이,2023-03-22,164392800,4.8,-7214367,-4.2,2439963783,16952,-722,-4.1,266258,651,1695,20230402
5,5,0,OLD,20197654,소울메이트,2023-03-15,67551714,2.0,-29006598,-30,2145842460,6485,-2996,-31.6,220088,365,548,20230402
6,6,1,OLD,20230484,치킨래빗: 잃어버린 보물을 찾아서,2023-03-18,43869500,1.3,-2269300,-4.9,471035200,5038,25,0.5,53211,181,300,20230402
7,7,1,OLD,20230641,오토라는 남자,2023-03-29,38284998,1.1,-8698026,-18.5,214169155,3874,-895,-18.8,22980,342,582,20230402
8,8,1,OLD,20230767,파벨만스,2023-03-22,37687379,1.1,-8231571,-17.9,593136127,3669,-777,-17.5,58380,221,303,20230402
9,9,1,OLD,20173226,패왕별희 디 오리지널,2017-03-30,27358118,0.8,-18552354,-40.4,1134324280,2421,-1447,-37.4,121418,77,97,20230402
10,10,1,OLD,20230533,"귀멸의 칼날: 상현집결, 그리고 도공 마을로",2023-03-02,25087400,0.7,-2652900,-9.6,6569259100,2243,-315,-12.3,534370,117,167,20230402
1,1,0,OLD,20226270,스즈메의 문단속,2023-03-08,2777971433,62.9,1903448137,217.7,36990668781,278345,193110,226.6,3566931,1530,6248,20230401
2,2,0,OLD,20226410,던전 앤 드래곤: 도적들의 명예,2023-03-29,553017086,12.5,283636804,105.3,1347281813,52533,26457,101.5,136294,1075,3631,20230401
3,3,0,OLD,20228555,더 퍼스트 슬램덩크,2023-01-04,286093209,6.5,171310981,149.2,44902390948,28976,17923,162.2,4359182,615,1337,20230401
4,4,0,OLD,20210544,웅남이,2023-03-22,171607167,3.9,75461694,78.5,2275570983,17674,7062,66.5,249306,648,1753,20230401
5,5,0,OLD,20197654,소울메이트,2023-03-15,96558312,2.2,63280924,190.2,2078290746,9481,5957,169,213603,385,588,20230401
6,6,9,OLD,20230495,아임 히어로 더 파이널,2023-03-01,158061000,3.6,144863000,1097.6,5815856500,6437,5887,1070.4,240539,59,72,20230401
7,7,5,OLD,20230484,치킨래빗: 잃어버린 보물을 찾아서,2023-03-18,46138800,1.0,41286200,850.8,427165700,5013,4356,663,48173,185,312,20230401
8,8,-2,OLD,20230641,오토라는 남자,2023-03-29,46983024,1.1,14115052,42.9,175884157,4769,1265,36.1,19106,357,616,20230401
9,9,-2,OLD,20230767,파벨만스,2023-03-22,45918950,1.0,18788012,69.2,555448748,4446,1808,68.5,54711,219,295,20230401
10,10,69,OLD,20173226,패왕별희 디 오리지널,2017-03-30,45910472,1.0,45825472,53912.3,1106966162,3868,3857,35063.6,118997,79,103,20230401
1,1,0,OLD,20226270,스즈메의 문단속,2023-03-08,874523296,54.5,416642389,91,34212697348,85235,39545,86.6,3288586,1302,4978,20230331
2,2,0,OLD,20226410,던전 앤 드래곤: 도적들의 명예,2023-03-29,269380282,16.8,84863049,46,794264727,26076,7334,39.1,83761,1091,3576,20230331
3,3,2,OLD,20228555,더 퍼스트 슬램덩크,2023-01-04,114782228,7.2,46045718,67,44616297739,11053,4259,62.7,4330206,553,1149,20230331
4,4,-1,OLD,20210544,웅남이,2023-03-22,96145473,6.0,15456976,19.2,2103963816,10612,1158,12.2,231632,626,1729,20230331
5,5,3,OLD,20197654,소울메이트,2023-03-15,33277388,2.1,10233189,44.4,1981732434,3524,792,29,204122,348,572,20230331
6,6,1,OLD,20230641,오토라는 남자,2023-03-29,32867972,2.0,6133620,22.9,128901133,3504,586,20.1,14337,353,642,20230331
7,7,2,OLD,20230767,파벨만스,2023-03-22,27130938,1.7,10371108,61.9,509529798,2638,923,53.8,50265,217,298,20230331
8,8,3,OLD,20230340,에브리씽 에브리웨어 올 앳 원스+,2023-03-01,16238295,1.0,5426230,50.2,1007796363,1606,501,45.3,97919,97,128,20230331
9,9,-5,OLD,20080269,해피 투게더,1998-08-22,17072643,1.1,-48235700,-73.9,436614106,1574,-5573,-78,47222,120,232,20230331
10,10,0,OLD,20227684,멍뭉이,2023-03-01,13875797,0.9,963000,7.5,1672858392,1538,185,13.7,178067,21,29,20230331
1,1,0,OLD,20226270,스즈메의 문단속,2023-03-08,457880907,41.3,-201158744,-30.5,33338174052,45690,-37469,-45.1,3203351,1225,4458,20230330
2,2,0,OLD,20226410,던전 앤 드래곤: 도적들의 명예,2023-03-29,184517233,16.7,-130230979,-41.4,524884445,18742,-18503,-49.7,57685,1067,3296,20230330
3,3,1,OLD,20210544,웅남이,2023-03-22,80688497,7.3,-21677454,-21.2,2007818343,9454,-3853,-29,221020,609,1630,20230330
4,4,0,NEW,20080269,해피 투게더,1998-08-22,65308343,5.9,65308343,100,419541463,7147,7147,100,45648,140,281,20230330
5,5,-2,OLD,20228555,더 퍼스트 슬램덩크,2023-01-04,68736510,6.2,-76403962,-52.6,44501515511,6794,-11072,-62,4319153,521,1026,20230330
6,6,0,OLD,20226489,리바운드,2023-04-05,35865000,3.2,-6129000,-14.6,109759000,3909,-757,-16.2,12115,21,21,20230330
7,7,-2,OLD,20230641,오토라는 남자,2023-03-29,26734352,2.4,-10904617,-29,96033161,2918,-1952,-40.1,10833,339,619,20230330
8,8,-1,OLD,20197654,소울메이트,2023-03-15,23044199,2.1,-10158865,-30.6,1948455046,2732,-1240,-31.2,200598,305,468,20230330
9,9,-1,OLD,20230767,파벨만스,2023-03-22,16759830,1.5,-9737945,-36.8,482398860,1715,-1647,-49,47627,205,271,20230330
10,10,0,OLD,20227684,멍뭉이,2023-03-01,12912797,1.2,-2238503,-14.8,1658982595,1353,-289,-17.6,176529,17,22,20230330
1,1,0,OLD,20226270,스즈메의 문단속,2023-03-08,659039651,43.2,122116226,22.7,32880293145,83159,30851,59,3157661,1268,4621,20230329
2,2,0,NEW,20226410,던전 앤 드래곤: 도적들의 명예,2023-03-29,314748212,20.6,314748212,100,340367212,37245,37245,100,38943,1105,3600,20230329
3,3,0,OLD,20228555,더 퍼스트 슬램덩크,2023-01-04,145140472,9.5,73858406,103.6,44432779001,17866,10936,157.8,4312359,546,1077,20230329
4,4,-2,OLD,20210544,웅남이,2023-03-22,102365951,6.7,-10776719,-9.5,1927129846,13307,-139,-1,211566,662,1727,20230329
5,5,0,NEW,20230641,오토라는 남자,2023-03-29,37638969,2.5,37638969,100,69298809,4870,4870,100,7915,371,725,20230329
6,6,-1,OLD,20226489,리바운드,2023-04-05,41994000,2.8,10094000,31.6,73894000,4666,1126,31.8,8206,20,20,20230329
7,7,-1,OLD,20197654,소울메이트,2023-03-15,33203064,2.2,2985958,9.9,1925410847,3972,831,26.5,197866,353,552,20230329
8,8,-4,OLD,20230767,파벨만스,2023-03-22,26497775,1.7,-9319933,-26,465639030,3362,-373,-10,45912,203,281,20230329
9,9,-2,OLD,20230340,에브리씽 에브리웨어 올 앳 원스+,2023-03-01,14732487,1.0,-5886997,-28.6,980746003,1922,-147,-7.1,95208,94,124,20230329
10,10,-2,OLD,20227684,멍뭉이,2023-03-01,15151300,1.0,-1184027,-7.2,1646069798,1642,-124,-7,175176,25,32,20230329
1,1,0,OLD,20226270,스즈메의 문단속,2023-03-08,536923425,55.4,-53947997,-9.1,32221253494,52308,-5076,-8.8,3074502,1357,5006,20230328
2,2,0,OLD,20210544,웅남이,2023-03-22,113142670,11.7,-1696457,-1.5,1824763895,13446,998,8,198259,721,2339,20230328
3,3,0,OLD,20228555,더 퍼스트 슬램덩크,2023-01-04,71282066,7.4,-8680871,-10.9,44287638529,6930,-861,-11.1,4294493,550,1286,20230328
4,4,0,OLD,20230767,파벨만스,2023-03-22,35817708,3.7,2144854,6.4,439141255,3735,265,7.6,42550,388,639,20230328
5,5,0,NEW,20226489,리바운드,2023-04-05,31900000,3.3,31900000,100,31900000,3540,3540,100,3540,15,16,20230328
6,6,-1,OLD,20197654,소울메이트,2023-03-15,30217106,3.1,-2581363,-7.9,1892207783,3141,-242,-7.2,193894,478,879,20230328
7,7,-1,OLD,20230340,에브리씽 에브리웨어 올 앳 원스+,2023-03-01,20619484,2.1,272505,1.3,966013516,2069,39,1.9,93286,212,343,20230328
8,8,1,OLD,20227684,멍뭉이,2023-03-01,16335327,1.7,3162727,24,1630918498,1766,394,28.7,173534,46,54,20230328
9,9,-1,OLD,20230533,"귀멸의 칼날: 상현집결, 그리고 도공 마을로",2023-03-02,16737900,1.7,-4009400,-19.3,6486384600,1347,-312,-18.8,526606,160,300,20230328
10,10,0,OLD,20230495,아임 히어로 더 파이널,2023-03-01,27472500,2.8,2197500,8.7,5616474500,1145,91,8.6,232380,49,120,20230328
1,1,0,OLD,20226270,스즈메의 문단속,2023-03-08,590871422,58.8,-2595643171,-81.5,31684330069,57384,-251880,-81.4,3022194,1345,5073,20230327
2,2,0,OLD,20210544,웅남이,2023-03-22,114839127,11.4,-302080357,-72.5,1711621225,12448,-30077,-70.7,184813,707,2424,20230327
3,3,0,OLD,20228555,더 퍼스트 슬램덩크,2023-01-04,79962937,8.0,-239039457,-74.9,44216356463,7791,-22583,-74.3,4287563,565,1334,20230327
4,4,1,OLD,20230767,파벨만스,2023-03-22,33672854,3.3,-51724010,-60.6,403323547,3470,-4812,-58.1,38815,404,658,20230327
5,5,-1,OLD,20197654,소울메이트,2023-03-15,32798469,3.3,-129695689,-79.8,1861990677,3383,-12553,-78.8,190753,469,928,20230327
6,6,2,OLD,20230340,에브리씽 에브리웨어 올 앳 원스+,2023-03-01,20346979,2.0,-35148860,-63.3,945394032,2030,-3249,-61.5,91217,218,344,20230327
7,7,0,NEW,20230747,샷건 웨딩,2023-03-29,13979000,1.4,13979000,100,18666000,1997,1997,100,2646,6,6,20230327
8,8,-1,OLD,20230533,"귀멸의 칼날: 상현집결, 그리고 도공 마을로",2023-03-02,20747300,2.1,-54745300,-72.5,6469646700,1659,-4336,-72.3,525259,161,332,20230327
9,9,4,OLD,20227684,멍뭉이,2023-03-01,13172600,1.3,-3779783,-22.3,1614583171,1372,-375,-21.5,171768,36,42,20230327
10,10,1,OLD,20230495,아임 히어로 더 파이널,2023-03-01,25275000,2.5,-28101000,-52.6,5589002000,1054,-1171,-52.6,231235,49,114,20230327
1,1,0,OLD,20226270,스즈메의 문단속,2023-03-08,3186514593,69.0,-376584338,-10.6,31093458647,309264,-34043,-9.9,2964810,1572,6348,20230326
2,2,0,OLD,20210544,웅남이,2023-03-22,416919484,9.0,-68449922,-14.1,1596782098,42525,-7411,-14.8,172365,819,2953,20230326
3,3,0,OLD,20228555,더 퍼스트 슬램덩크,2023-01-04,319002394,6.9,-179959238,-36.1,44136393526,30374,-16032,-34.5,4279772,651,1643,20230326
4,4,0,OLD,20197654,소울메이트,2023-03-15,162494158,3.5,-5916749,-3.5,1829192208,15936,-848,-5.1,187370,591,1239,20230326
5,5,0,OLD,20230767,파벨만스,2023-03-22,85396864,1.8,-18107238,-17.5,369650693,8282,-1407,-14.5,35345,432,719,20230326
6,6,2,OLD,20230484,치킨래빗: 잃어버린 보물을 찾아서,2023-03-18,68158000,1.5,4703700,7.4,365828300,7062,309,4.6,41161,223,356,20230326
7,7,0,OLD,20230533,"귀멸의 칼날: 상현집결, 그리고 도공 마을로",2023-03-02,75492600,1.6,-15356900,-16.9,6448899400,5995,-1123,-15.8,523600,176,394,20230326
8,8,1,OLD,20230340,에브리씽 에브리웨어 올 앳 원스+,2023-03-01,55495839,1.2,-12210706,-18,925047053,5279,-1098,-17.2,89187,233,363,20230326
9,9,1,OLD,20239905,꼬마돼지 베이브의 바다 대모험,2023-03-23,29961878,0.6,-1886364,-5.9,70915319,3409,-151,-4.2,8101,315,368,20230326
10,10,1,OLD,20224780,모나리자와 블러드 문,2023-03-22,20861179,0.5,-5260598,-20.1,147766899,2309,-485,-17.4,16289,327,451,20230326
1,1,0,OLD,20226270,스즈메의 문단속,2023-03-08,3563098931,65.2,2438158590,216.7,27906944054,343307,238424,227.3,2655546,1559,6486,20230325
2,2,0,OLD,20210544,웅남이,2023-03-22,485369406,8.9,252827876,108.7,1179862614,49936,24813,98.8,129840,829,3123,20230325
3,3,0,OLD,20228555,더 퍼스트 슬램덩크,2023-01-04,498961632,9.1,361912562,264.1,43817391132,46406,33630,263.2,4249398,658,1695,20230325
4,4,0,OLD,20197654,소울메이트,2023-03-15,168410907,3.1,98220176,139.9,1666698050,16784,9985,146.9,171434,595,1284,20230325
5,5,0,OLD,20230767,파벨만스,2023-03-22,103504102,1.9,57517424,125.1,284253829,9689,5191,115.4,27063,450,757,20230325
6,6,4,OLD,20230495,아임 히어로 더 파이널,2023-03-01,199193500,3.6,172145500,636.4,5510351000,8300,7173,636.5,227956,50,129,20230325
7,7,0,OLD,20230533,"귀멸의 칼날: 상현집결, 그리고 도공 마을로",2023-03-02,90849500,1.7,51978700,133.7,6373406800,7118,4138,138.9,517605,181,413,20230325
8,8,8,OLD,20230484,치킨래빗: 잃어버린 보물을 찾아서,2023-03-18,63454300,1.2,58979700,1318.1,297670300,6753,6208,1139.1,34099,220,344,20230325
9,9,-3,OLD,20230340,에브리씽 에브리웨어 올 앳 원스+,2023-03-01,67706545,1.2,33241673,96.5,869551214,6377,3068,92.7,83908,234,390,20230325
10,10,7,OLD,20239905,꼬마돼지 베이브의 바다 대모험,2023-03-23,31848242,0.6,27303943,600.8,40953441,3560,3022,561.7,4692,319,373,20230325
1,1,0,OLD,20226270,스즈메의 문단속,2023-03-08,1124940341,61.3,449763915,66.6,24343845123,104883,38894,58.9,2312239,1315,5190,20230324
2,2,0,OLD,20210544,웅남이,2023-03-22,232541530,12.7,29054716,14.3,694493208,25123,1879,8.1,79904,771,2978,20230324
3,3,0,OLD,20228555,더 퍼스트 슬램덩크,2023-01-04,137049070,7.5,45772208,50.1,43318429500,12776,3830,42.8,4202992,595,1398,20230324
4,4,0,OLD,20197654,소울메이트,2023-03-15,70190731,3.8,14571330,26.2,1498287143,6799,780,13,154650,541,1161,20230324
5,5,0,OLD,20230767,파벨만스,2023-03-22,45986678,2.5,9153227,24.9,180749727,4498,703,18.5,17374,408,754,20230324
6,6,1,OLD,20230340,에브리씽 에브리웨어 올 앳 원스+,2023-03-01,34464872,1.9,9551189,38.3,801844669,3309,824,33.2,77531,219,384,20230324
7,7,1,OLD,20230533,"귀멸의 칼날: 상현집결, 그리고 도공 마을로",2023-03-02,38870800,2.1,10675500,37.9,6282557300,2980,724,32.1,510487,174,394,20230324
8,8,-2,OLD,20224780,모나리자와 블러드 문,2023-03-22,21233692,1.2,-3143783,-12.9,100783943,2191,-723,-24.8,11186,318,519,20230324
9,9,4,OLD,20230081,샤잠! 신들의 분노,2023-03-15,11988185,0.7,3512689,41.4,769832057,1164,310,36.3,72691,250,336,20230324
10,10,0,OLD,20230495,아임 히어로 더 파이널,2023-03-01,27048000,1.5,-39000,-0.1,5311157500,1127,-2,-0.2,219656,47,118,20230324
1,1,0,OLD,20226270,스즈메의 문단속,2023-03-08,675176426,52.2,-35671625,-5,23218904782,65989,-3382,-4.9,2207356,1227,4651,20230323
2,2,0,OLD,20210544,웅남이,2023-03-22,203486814,15.7,-27839050,-12,461951678,23244,-4432,-16,54781,756,2885,20230323
3,3,0,OLD,20228555,더 퍼스트 슬램덩크,2023-01-04,91276862,7.1,6567765,7.8,43181380430,8946,681,8.2,4190216,571,1237,20230323
4,4,0,OLD,20197654,소울메이트,2023-03-15,55619401,4.3,-18714444,-25.2,1428096412,6019,-2100,-25.9,147851,506,1077,20230323
5,5,1,OLD,20230767,파벨만스,2023-03-22,36833451,2.8,-9511065,-20.5,134763049,3795,-1042,-21.5,12876,409,733,20230323
6,6,-1,OLD,20224780,모나리자와 블러드 문,2023-03-22,24377475,1.9,-23544301,-49.1,79550251,2914,-2578,-46.9,8995,322,553,20230323
7,7,1,OLD,20230340,에브리씽 에브리웨어 올 앳 원스+,2023-03-01,24913683,1.9,1177489,5,767379797,2485,87,3.6,74222,218,365,20230323
8,8,-1,OLD,20230533,"귀멸의 칼날: 상현집결, 그리고 도공 마을로",2023-03-02,28195300,2.2,-28343300,-50.1,6243686500,2256,-2544,-53,507507,178,403,20230323
9,9,0,OLD,20230199,플레인,2023-03-15,13738193,1.1,773700,6,303908720,1700,-146,-7.9,33046,148,193,20230323
10,10,1,OLD,20230495,아임 히어로 더 파이널,2023-03-01,27087000,2.1,1408500,5.5,5284109500,1129,59,5.5,218529,50,118,20230323
1,1,0,OLD,20226270,스즈메의 문단속,2023-03-08,710848051,50.0,124037866,21.1,22543728356,69371,11413,19.7,2141367,1240,4690,20230322
2,2,11,OLD,20210544,웅남이,2023-03-22,231325864,16.3,224157864,3127.2,258464864,27676,26652,2602.7,31537,766,2983,20230322
3,3,-1,OLD,20228555,더 퍼스트 슬램덩크,2023-01-04,84709097,6.0,-3204020,-3.6,43090103568,8265,-290,-3.4,4181270,563,1252,20230322
4,4,-1,OLD,20197654,소울메이트,2023-03-15,74333845,5.2,2944098,4.1,1372477011,8119,242,3.1,141832,509,1107,20230322
5,5,0,NEW,20224780,모나리자와 블러드 문,2023-03-22,47921776,3.4,47921776,100,55172776,5492,5492,100,6081,369,666,20230322
6,6,14,OLD,20230767,파벨만스,2023-03-22,46344516,3.3,40974516,763,97929598,4837,4454,1162.9,9081,411,789,20230322
7,7,0,OLD,20230533,"귀멸의 칼날: 상현집결, 그리고 도공 마을로",2023-03-02,56538600,4.0,27279700,93.2,6215491200,4800,2196,84.3,505251,184,439,20230322
8,8,-2,OLD,20230340,에브리씽 에브리웨어 올 앳 원스+,2023-03-01,23736194,1.7,-2347683,-9,742466114,2398,-269,-10.1,71737,215,376,20230322
9,9,-1,OLD,20230199,플레인,2023-03-15,12964493,0.9,-4196496,-24.5,290170527,1846,-208,-10.1,31346,171,214,20230322
10,10,-6,OLD,20230081,샤잠! 신들의 분노,2023-03-15,18611990,1.3,-8717939,-31.9,749368376,1812,-934,-34,70673,254,340,20230322
1,1,0,OLD,20226270,스즈메의 문단속,2023-03-08,586810185,57.0,-57179820,-8.9,21832880305,57958,-5001,-7.9,2071996,1311,4850,20230321
2,2,0,OLD,20228555,더 퍼스트 슬램덩크,2023-01-04,87913117,8.5,-8207195,-8.5,43005394471,8555,-808,-8.6,4173005,615,1439,20230321
3,3,0,OLD,20197654,소울메이트,2023-03-15,71389747,6.9,2131521,3.1,1298143166,7877,706,9.8,133713,619,1752,20230321
4,4,1,OLD,20230081,샤잠! 신들의 분노,2023-03-15,27329929,2.7,-2303724,-7.8,730756386,2746,-236,-7.9,68861,530,1010,20230321
5,5,1,OLD,20208962,대외비,2023-03-01,25718085,2.5,-2046593,-7.4,7389635358,2675,-290,-9.8,747666,395,641,20230321
6,6,1,OLD,20230340,에브리씽 에브리웨어 올 앳 원스+,2023-03-01,26083877,2.5,-743006,-2.8,718729920,2667,-63,-2.3,69339,199,344,20230321
7,7,-3,OLD,20230533,"귀멸의 칼날: 상현집결, 그리고 도공 마을로",2023-03-02,29258900,2.8,-4294300,-12.8,6158952600,2604,-388,-13,500451,241,490,20230321
8,8,0,OLD,20230199,플레인,2023-03-15,17160989,1.7,-1472800,-7.9,277206034,2054,84,4.3,29500,281,452,20230321
9,9,5,OLD,20230484,치킨래빗: 잃어버린 보물을 찾아서,2023-03-18,11472400,1.1,6118400,114.3,222049600,1938,1233,174.9,25766,134,175,20230321
10,10,0,OLD,20230495,아임 히어로 더 파이널,2023-03-01,42476500,4.1,6984500,19.7,5231344000,1770,291,19.7,216330,53,102,20230321
1,1,0,OLD,20226270,스즈메의 문단속,2023-03-08,643990005,59.2,-2387852202,-78.8,21246070120,62959,-233283,-78.7,2014038,1297,4906,20230320
2,2,0,OLD,20228555,더 퍼스트 슬램덩크,2023-01-04,96120312,8.8,-280101020,-74.5,42917481354,9363,-26277,-73.7,4164450,601,1446,20230320
3,3,0,OLD,20197654,소울메이트,2023-03-15,69258226,6.4,-204452113,-74.7,1226753419,7171,-19297,-72.9,125836,612,1835,20230320
4,4,1,OLD,20230533,"귀멸의 칼날: 상현집결, 그리고 도공 마을로",2023-03-02,33553200,3.1,-99731400,-74.8,6129693700,2992,-8711,-74.4,497847,235,500,20230320
5,5,-1,OLD,20230081,샤잠! 신들의 분노,2023-03-15,29633653,2.7,-124046207,-80.7,703426457,2982,-11483,-79.4,66115,543,1063,20230320
6,6,2,OLD,20208962,대외비,2023-03-01,27764678,2.6,-45722434,-62.2,7363917273,2965,-4210,-58.7,744991,403,674,20230320
7,7,0,OLD,20230340,에브리씽 에브리웨어 올 앳 원스+,2023-03-01,26826883,2.5,-51420476,-65.7,692646043,2730,-4827,-63.9,66672,198,339,20230320
8,8,1,OLD,20230199,플레인,2023-03-15,18633789,1.7,-28097289,-60.1,260045045,1970,-2754,-58.3,27446,299,485,20230320
9,9,0,NEW,20210544,웅남이,2023-03-22,13811000,1.3,13811000,100,19971000,1965,1965,100,2837,9,9,20230320
10,10,1,OLD,20230495,아임 히어로 더 파이널,2023-03-01,35492000,3.3,-41831500,-54.1,5188867500,1479,-1743,-54.1,214560,53,99,20230320
1,1,0,OLD,20226270,스즈메의 문단속,2023-03-08,3031842207,66.4,-217052148,-6.7,20602080115,296242,-18195,-5.8,1951079,1456,5820,20230319
2,2,0,OLD,20228555,더 퍼스트 슬램덩크,2023-01-04,376221332,8.2,-243101280,-39.3,42821361042,35640,-21234,-37.3,4155087,701,1751,20230319
3,3,0,OLD,20197654,소울메이트,2023-03-15,273710339,6.0,-48515347,-15.1,1157495193,26468,-5581,-17.4,118665,710,2453,20230319
4,4,0,OLD,20230081,샤잠! 신들의 분노,2023-03-15,153679860,3.4,-52694536,-25.5,673792804,14465,-4716,-24.6,63133,684,1745,20230319
5,5,0,OLD,20230533,"귀멸의 칼날: 상현집결, 그리고 도공 마을로",2023-03-02,133284600,2.9,-27451300,-17.1,6096140500,11703,-2313,-16.5,494855,270,628,20230319
6,6,0,OLD,20230484,치킨래빗: 잃어버린 보물을 찾아서,2023-03-18,90594500,2.0,-13926200,-13.3,205223200,9908,-1863,-15.8,23123,234,511,20230319
7,7,0,OLD,20230340,에브리씽 에브리웨어 올 앳 원스+,2023-03-01,78247359,1.7,-22682987,-22.5,665819160,7557,-2034,-21.2,63942,210,370,20230319
8,8,0,OLD,20208962,대외비,2023-03-01,73487112,1.6,-15191276,-17.1,7336152595,7175,-1526,-17.5,742026,514,867,20230319
9,9,1,OLD,20230199,플레인,2023-03-15,46731078,1.0,-12757000,-21.4,241411256,4724,-1216,-20.5,25476,346,579,20230319
10,10,1,OLD,20227684,멍뭉이,2023-03-01,31308078,0.7,-8661002,-21.7,1533590401,3278,-1666,-33.7,162767,197,231,20230319
1,1,0,OLD,20226270,스즈메의 문단속,2023-03-08,3248894355,60.4,2168251703,200.6,17570237908,314437,212716,209.1,1654837,1439,5924,20230318
2,2,0,OLD,20228555,더 퍼스트 슬램덩크,2023-01-04,619322612,11.5,457376150,282.4,42445139710,56874,41873,279.1,4119447,692,1779,20230318
3,3,0,OLD,20197654,소울메이트,2023-03-15,322225686,6.0,181885142,129.6,883784854,32049,17900,126.5,92197,715,2594,20230318
4,4,0,OLD,20230081,샤잠! 신들의 분노,2023-03-15,206374396,3.8,119552266,137.7,520112944,19181,11168,139.4,48668,716,1962,20230318
5,5,0,OLD,20230533,"귀멸의 칼날: 상현집결, 그리고 도공 마을로",2023-03-02,160735900,3.0,93438300,138.8,5962855900,14016,8330,146.5,483152,278,643,20230318
6,6,0,NEW,20230484,치킨래빗: 잃어버린 보물을 찾아서,2023-03-18,104520700,1.9,104520700,100,114628700,11771,11771,100,13215,227,508,20230318
7,7,1,OLD,20230340,에브리씽 에브리웨어 올 앳 원스+,2023-03-01,100930346,1.9,60037857,146.8,587571801,9591,5667,144.4,56385,201,370,20230318
8,8,-2,OLD,20208962,대외비,2023-03-01,88678388,1.6,34234134,62.9,7262665483,8701,3207,58.4,734851,529,933,20230318
9,9,0,OLD,20230495,아임 히어로 더 파이널,2023-03-01,197357000,3.7,137829000,231.5,5076052000,7685,5203,209.6,209859,55,114,20230318
10,10,-3,OLD,20230199,플레인,2023-03-15,59488078,1.1,19423307,48.5,194680178,5940,1728,41,20752,358,618,20230318
1,1,0,OLD,20226270,스즈메의 문단속,2023-03-08,1080642652,58.4,491994830,83.6,14321343553,101721,43927,76,1340400,1298,4954,20230317
2,2,1,OLD,20228555,더 퍼스트 슬램덩크,2023-01-04,161946462,8.7,62605588,63,41825817098,15001,5366,55.7,4062573,639,1511,20230317
3,3,-1,OLD,20197654,소울메이트,2023-03-15,140340544,7.6,39831873,39.6,561559168,14149,3391,31.5,60148,749,2454,20230317
4,4,0,OLD,20230081,샤잠! 신들의 분노,2023-03-15,86822130,4.7,15211508,21.2,313738548,8013,1061,15.3,29487,718,1865,20230317
5,5,2,OLD,20230533,"귀멸의 칼날: 상현집결, 그리고 도공 마을로",2023-03-02,67297600,3.6,22961200,51.8,5802120000,5686,1756,44.7,469136,255,567,20230317
6,6,-1,OLD,20208962,대외비,2023-03-01,54444254,2.9,5464491,11.2,7173987095,5494,427,8.4,726150,511,947,20230317
7,7,-1,OLD,20230199,플레인,2023-03-15,40064771,2.2,-2543672,-6,135192100,4212,-513,-10.9,14812,347,654,20230317
8,8,1,OLD,20230340,에브리씽 에브리웨어 올 앳 원스+,2023-03-01,40892489,2.2,15843904,63.3,486641455,3924,1440,58,46794,151,209,20230317
9,9,-1,OLD,20230495,아임 히어로 더 파이널,2023-03-01,59528000,3.2,-22830000,-27.7,4878695000,2482,-950,-27.7,202174,55,104,20230317
10,10,0,OLD,20239573,서치 2,2023-02-22,14588580,0.8,1254170,9.4,3975527420,1449,-12,-0.8,403997,171,225,20230317
1,1,0,OLD,20226270,스즈메의 문단속,2023-03-08,588647822,48.5,-243428737,-29.3,13240700901,57794,-24830,-30.1,1238679,1227,4446,20230316
2,2,0,OLD,20197654,소울메이트,2023-03-15,100508671,8.3,-80986293,-44.6,421218624,10758,-9481,-46.8,45999,729,2293,20230316
3,3,1,OLD,20228555,더 퍼스트 슬램덩크,2023-01-04,99340874,8.2,960977,1,41663870636,9635,81,0.8,4047572,601,1339,20230316
4,4,-1,OLD,20230081,샤잠! 신들의 분노,2023-03-15,71610622,5.9,-63845174,-47.1,226916418,6952,-6312,-47.6,21474,734,1848,20230316
5,5,0,OLD,20208962,대외비,2023-03-01,48979763,4.0,-8234408,-14.4,7119542841,5067,-1923,-27.5,720656,478,865,20230316
6,6,0,OLD,20230199,플레인,2023-03-15,42608443,3.5,-8490443,-16.6,95127329,4725,-1008,-17.6,10600,335,622,20230316
7,7,0,OLD,20230533,"귀멸의 칼날: 상현집결, 그리고 도공 마을로",2023-03-02,44336400,3.7,-15128000,-25.4,5734822400,3930,-1452,-27,463450,242,541,20230316
8,8,0,OLD,20230495,아임 히어로 더 파이널,2023-03-01,82358000,6.8,-26141500,-24.1,4819167000,3432,-1089,-24.1,199692,52,101,20230316
9,9,0,OLD,20230340,에브리씽 에브리웨어 올 앳 원스+,2023-03-01,25048585,2.1,7422400,42.1,445748966,2484,715,40.4,42870,123,174,20230316
10,10,2,OLD,20239573,서치 2,2023-02-22,13334410,1.1,1657520,14.2,3960938840,1461,217,17.4,402548,148,186,20230316
1,1,0,OLD,20226270,스즈메의 문단속,2023-03-08,832076559,50.6,178040718,27.2,12652053079,82624,21022,34.1,1180885,1234,4502,20230315
2,2,13,OLD,20197654,소울메이트,2023-03-15,181494964,11.0,164307975,956,320709953,20239,18831,1337.4,35241,746,2581,20230315
3,3,13,OLD,20230081,샤잠! 신들의 분노,2023-03-15,135455796,8.2,115605796,582.4,155305796,13264,12006,954.4,14522,799,2325,20230315
4,4,-2,OLD,20228555,더 퍼스트 슬램덩크,2023-01-04,98379897,6.0,-8754746,-8.2,41564529762,9554,-1059,-10,4037937,605,1320,20230315
5,5,-2,OLD,20208962,대외비,2023-03-01,57214171,3.5,-37797287,-39.8,7070563078,6990,-2922,-29.5,715589,494,901,20230315
6,6,0,NEW,20230199,플레인,2023-03-15,51098886,3.1,51098886,100,52518886,5733,5733,100,5875,340,668,20230315
7,7,-3,OLD,20230533,"귀멸의 칼날: 상현집결, 그리고 도공 마을로",2023-03-02,59464400,3.6,-4199000,-6.6,5690486000,5382,-305,-5.4,459520,246,548,20230315
8,8,-3,OLD,20230495,아임 히어로 더 파이널,2023-03-01,108499500,6.6,17522000,19.3,4736809000,4521,730,19.3,196260,51,101,20230315
9,9,1,OLD,20230340,에브리씽 에브리웨어 올 앳 원스+,2023-03-01,17626185,1.1,-4508688,-20.4,420700381,1769,-417,-19.1,40386,76,108,20230315
10,10,1,OLD,20230200,똑똑똑,2023-03-08,8261100,0.5,-9415809,-53.3,253342125,1452,-612,-29.7,26524,47,56,20230315
1,1,0,OLD,20226270,스즈메의 문단속,2023-03-08,654035841,49.6,-27668766,-4.1,11819976520,61602,-2579,-4,1098261,1333,5104,20230314
2,2,0,OLD,20228555,더 퍼스트 슬램덩크,2023-01-04,107134643,8.1,-5460166,-4.8,41466149865,10613,-312,-2.9,4028383,637,1538,20230314
3,3,0,OLD,20208962,대외비,2023-03-01,95011458,7.2,-4029717,-4.1,7013348907,9912,-314,-3.1,708599,681,1979,20230314
4,4,0,OLD,20230533,"귀멸의 칼날: 상현집결, 그리고 도공 마을로",2023-03-02,63663400,4.8,-10839700,-14.5,5631021600,5687,-925,-14,454138,284,856,20230314
5,5,0,OLD,20230495,아임 히어로 더 파이널,2023-03-01,90977500,6.9,21026500,30.1,4628309500,3791,873,29.9,191739,71,267,20230314
6,6,0,NEW,20230608,틸,2023-03-22,32040000,2.4,32040000,100,32040000,3560,3560,100,3560,14,14,20230314
7,7,17,OLD,20229551,상견니,2023-01-25,22424700,1.7,20007100,827.6,3557837038,2329,2105,939.7,356474,48,68,20230314
8,8,-1,OLD,20227684,멍뭉이,2023-03-01,20445680,1.6,2466487,13.7,1438081757,2299,372,19.3,151836,327,488,20230314
9,9,-3,OLD,20239573,서치 2,2023-02-22,22221431,1.7,1140956,5.4,3935927540,2217,91,4.3,399843,353,497,20230314
10,10,1,OLD,20230340,에브리씽 에브리웨어 올 앳 원스+,2023-03-01,22134873,1.7,8684481,64.6,403074196,2186,882,67.6,38617,96,111,20230314
1,1,0,OLD,20226270,스즈메의 문단속,2023-03-08,681704607,56.5,-2212889546,-76.4,11165940679,64181,-208434,-76.5,1036659,1317,5196,20230313
2,2,1,OLD,20228555,더 퍼스트 슬램덩크,2023-01-04,112594809,9.3,-293243654,-72.3,41359015222,10925,-28061,-72,4017770,638,1588,20230313
3,3,-1,OLD,20208962,대외비,2023-03-01,99041175,8.2,-307703516,-75.7,6918337449,10226,-29242,-74.1,698687,685,2043,20230313
4,4,0,OLD,20230533,"귀멸의 칼날: 상현집결, 그리고 도공 마을로",2023-03-02,74503100,6.2,-241497000,-76.4,5567358200,6612,-21188,-76.2,448451,277,880,20230313
5,5,3,OLD,20230495,아임 히어로 더 파이널,2023-03-01,69951000,5.8,-83446000,-54.4,4537332000,2918,-3476,-54.4,187948,70,259,20230313
6,6,0,OLD,20239573,서치 2,2023-02-22,21080475,1.7,-71355734,-77.2,3913706109,2126,-6815,-76.2,397626,345,494,20230313
7,7,-2,OLD,20227684,멍뭉이,2023-03-01,17979193,1.5,-95118329,-84.1,1417636077,1927,-9864,-83.7,149537,308,456,20230313
8,8,-1,OLD,20230209,앤트맨과 와스프: 퀀텀매니아,2023-02-15,16600749,1.4,-52399184,-75.9,16276220379,1651,-4937,-74.9,1544233,329,457,20230313
9,9,1,OLD,20230200,똑똑똑,2023-03-08,12527689,1.0,-26107001,-67.6,227404116,1322,-2400,-64.5,23008,344,551,20230313
10,10,-1,OLD,20193706,카운트,2023-02-22,12597590,1.0,-41878869,-76.9,3655638236,1306,-4040,-75.6,383401,276,367,20230313
1,1,0,OLD,20226270,스즈메의 문단속,2023-03-08,2894594153,60.2,-383887464,-11.7,10484236072,272615,-32725,-10.7,972478,1486,6150,20230312
2,2,1,OLD,20208962,대외비,2023-03-01,406744691,8.5,4767612,1.2,6819296274,39468,234,0.6,688461,765,2616,20230312
3,3,-1,OLD,20228555,더 퍼스트 슬램덩크,2023-01-04,405838463,8.4,-59351502,-12.8,41246420413,38986,-5063,-11.5,4006845,690,1786,20230312
4,4,0,OLD,20230533,"귀멸의 칼날: 상현집결, 그리고 도공 마을로",2023-03-02,316000100,6.6,-109462500,-25.7,5492855100,27800,-8558,-23.5,441839,322,1067,20230312
5,5,0,OLD,20227684,멍뭉이,2023-03-01,113097522,2.4,14375602,14.6,1399656884,11791,1480,14.4,147610,460,719,20230312
6,6,0,OLD,20239573,서치 2,2023-02-22,92436209,1.9,-7961593,-7.9,3892625634,8941,-753,-7.8,395500,424,659,20230312
7,7,1,OLD,20230209,앤트맨과 와스프: 퀀텀매니아,2023-02-15,68999933,1.4,-5500500,-7.4,16259619630,6588,-432,-6.2,1542582,415,651,20230312
8,8,-1,OLD,20230495,아임 히어로 더 파이널,2023-03-01,153397000,3.2,-47671500,-23.7,4467381000,6394,-1987,-23.7,185030,74,283,20230312
9,9,0,OLD,20193706,카운트,2023-02-22,54476459,1.1,9803793,21.9,3643040646,5346,940,21.3,382095,397,541,20230312
10,10,0,OLD,20230200,똑똑똑,2023-03-08,38634690,0.8,-5232478,-11.9,214876427,3722,-545,-12.8,21686,435,804,20230312
1,1,0,OLD,20226270,스즈메의 문단속,2023-03-08,3278481617,60.4,1997874825,156,7589641919,305340,189068,162.6,699863,1480,6323,20230311
2,2,1,OLD,20228555,더 퍼스트 슬램덩크,2023-01-04,465189965,8.6,291001039,167.1,40840581950,44049,27492,166,3967859,706,1858,20230311
3,3,-1,OLD,20208962,대외비,2023-03-01,401977079,7.4,221799902,123.1,6412551583,39234,20893,113.9,648993,771,2669,20230311
4,4,0,OLD,20230533,"귀멸의 칼날: 상현집결, 그리고 도공 마을로",2023-03-02,425462600,7.8,253326800,147.2,5176855000,36358,21731,148.6,414039,331,1096,20230311
5,5,3,OLD,20227684,멍뭉이,2023-03-01,98721920,1.8,70459859,249.3,1286559362,10311,7232,234.9,135819,448,727,20230311
6,6,0,OLD,20239573,서치 2,2023-02-22,100397802,1.8,58025355,136.9,3800189425,9694,5302,120.7,386559,450,681,20230311
7,7,-2,OLD,20230495,아임 히어로 더 파이널,2023-03-01,201068500,3.7,83020500,70.3,4313984000,8381,3462,70.4,178636,78,290,20230311
8,8,-1,OLD,20230209,앤트맨과 와스프: 퀀텀매니아,2023-02-15,74500433,1.4,40666470,120.2,16190619697,7020,3553,102.5,1535994,437,690,20230311
9,9,1,OLD,20193706,카운트,2023-02-22,44672666,0.8,22869680,104.9,3588564187,4406,2125,93.2,376749,382,535,20230311
10,10,-1,OLD,20230200,똑똑똑,2023-03-08,43867168,0.8,13903879,46.4,176241737,4267,1262,42,17964,457,913,20230311
